[
  {
    "model": "auth.user",
    "pk": 1,
    "fields": {
      "password": "pbkdf2_sha256$600000$Y20s1Y8j2t4K$s0m3h4shv4lu3h3r3",
      "last_login": "2025-01-01T00:00:00Z",
      "is_superuser": false,
      "username": "user1",
      "first_name": "",
      "last_name": "",
      "email": "user1@example.com",
      "is_staff": false,
      "is_active": true,
      "date_joined": "2025-01-01T00:00:00Z",
      "groups": [],
      "user_permissions": []
    }
  },
  {
    "model": "auth.user",
    "pk": 4,
    "fields": {
      "password": "pbkdf2_sha256$600000$Y20s1Y8j2t4K$s0m3h4shv4lu3h3r3",
      "last_login": "2025-01-01T00:00:00Z",
      "is_superuser": false,
      "username": "user4",
      "first_name": "",
      "last_name": "",
      "email": "user4@example.com",
      "is_staff": false,
      "is_active": true,
      "date_joined": "2025-01-01T00:00:00Z",
      "groups": [],
      "user_permissions": []
    }
  },
  {
    "model": "auth.user",
    "pk": 5,
    "fields": {
      "password": "pbkdf2_sha256$600000$Y20s1Y8j2t4K$s0m3h4shv4lu3h3r3",
      "last_login": "2025-01-01T00:00:00Z",
      "is_superuser": false,
      "username": "user5",
      "first_name": "",
      "last_name": "",
      "email": "user5@example.com",
      "is_staff": false,
      "is_active": true,
      "date_joined": "2025-01-01T00:00:00Z",
      "groups": [],
      "user_permissions": []
    }
  },
  {
    "model": "auth.user",
    "pk": 6,
    "fields": {
      "password": "pbkdf2_sha256$600000$Y20s1Y8j2t4K$s0m3h4shv4lu3h3r3",
      "last_login": "2025-01-01T00:00:00Z",
      "is_superuser": false,
      "username": "user6",
      "first_name": "",
      "last_name": "",
      "email": "user6@example.com",
      "is_staff": false,
      "is_active": true,
      "date_joined": "2025-01-01T00:00:00Z",
      "groups": [],
      "user_permissions": []
    }
  },
  {
    "model": "auth.user",
    "pk": 7,
    "fields": {
      "password": "pbkdf2_sha256$600000$Y20s1Y8j2t4K$s0m3h4shv4lu3h3r3",
      "last_login": "2025-01-01T00:00:00Z",
      "is_superuser": false,
      "username": "user7",
      "first_name": "",
      "last_name": "",
      "email": "user7@example.com",
      "is_staff": false,
      "is_active": true,
      "date_joined": "2025-01-01T00:00:00Z",
      "groups": [],
      "user_permissions": []
    }
  },
  {
    "model": "auth.user",
    "pk": 8,
    "fields": {
      "password": "pbkdf2_sha256$600000$Y20s1Y8j2t4K$s0m3h4shv4lu3h3r3",
      "last_login": "2025-01-01T00:00:00Z",
      "is_superuser": false,
      "username": "user8",
      "first_name": "",
      "last_name": "",
      "email": "user8@example.com",
      "is_staff": false,
      "is_active": true,
      "date_joined": "2025-01-01T00:00:00Z",
      "groups": [],
      "user_permissions": []
    }
  },
  {
    "model": "auth.user",
    "pk": 9,
    "fields": {
      "password": "pbkdf2_sha256$600000$Y20s1Y8j2t4K$s0m3h4shv4lu3h3r3",
      "last_login": "2025-01-01T00:00:00Z",
      "is_superuser": false,
      "username": "user9",
      "first_name": "",
      "last_name": "",
      "email": "user9@example.com",
      "is_staff": false,
      "is_active": true,
      "date_joined": "2025-01-01T00:00:00Z",
      "groups": [],
      "user_permissions": []
    }
  },
  {
    "model": "auth.user",
    "pk": 10,
    "fields": {
      "password": "pbkdf2_sha256$600000$Y20s1Y8j2t4K$s0m3h4shv4lu3h3r3",
      "last_login": "2025-01-01T00:00:00Z",
      "is_superuser": false,
      "username": "user10",
      "first_name": "",
      "last_name": "",
      "email": "user10@example.com",
      "is_staff": false,
      "is_active": true,
      "date_joined": "2025-01-01T00:00:00Z",
      "groups": [],
      "user_permissions": []
    }
  },
  {
    "model": "auth.user",
    "pk": 11,
    "fields": {
      "password": "pbkdf2_sha256$600000$Y20s1Y8j2t4K$s0m3h4shv4lu3h3r3",
      "last_login": "2025-01-01T00:00:00Z",
      "is_superuser": false,
      "username": "user11",
      "first_name": "",
      "last_name": "",
      "email": "user11@example.com",
      "is_staff": false,
      "is_active": true,
      "date_joined": "2025-01-01T00:00:00Z",
      "groups": [],
      "user_permissions": []
    }
  },
  {
    "model": "auth.user",
    "pk": 12,
    "fields": {
      "password": "pbkdf2_sha256$600000$Y20s1Y8j2t4K$s0m3h4shv4lu3h3r3",
      "last_login": "2025-01-01T00:00:00Z",
      "is_superuser": false,
      "username": "user12",
      "first_name": "",
      "last_name": "",
      "email": "user12@example.com",
      "is_staff": false,
      "is_active": true,
      "date_joined": "2025-01-01T00:00:00Z",
      "groups": [],
      "user_permissions": []
    }
  },
  {
    "model": "core.discipline",
    "pk": 1,
    "fields": { "name": "AI & Data Science", "slug": "artificial-intelligence" }
  },
  {
    "model": "core.discipline",
    "pk": 2,
    "fields": { "name": "System & OS Programming", "slug": "operating-systems" }
  },
  {
    "model": "core.discipline",
    "pk": 3,
    "fields": { "name": "Network & Security", "slug": "network-programming" }
  },
  {
    "model": "core.discipline",
    "pk": 4,
    "fields": { "name": "Web Technologies", "slug": "web-programming" }
  },
  {
    "model": "core.discipline",
    "pk": 5,
    "fields": {
      "name": "Software Development Fundamentals",
      "slug": "software-development-fundamentals"
    }
  },
  {
    "model": "core.discipline",
    "pk": 6,
    "fields": {
      "name": "Theoretical Computer Science",
      "slug": "theoretical-computer-science"
    }
  },
  {
    "model": "core.discipline",
    "pk": 7,
    "fields": { "name": "Algorithmic Trading", "slug": "algorithmic-trading" }
  },
  {
    "model": "core.course",
    "pk": 1,
    "fields": {
      "discipline": 1,
      "code": "ACM465",
      "title": "TensorFlow & Deep Learning",
      "description": "Deep learning with TensorFlow, neural networks, and AI applications.",
      "slug": "acm465-artificial-intelligence"
    }
  },
  {
    "model": "core.course",
    "pk": 2,
    "fields": {
      "discipline": 2,
      "code": "ACM369",
      "title": "Linux System Programming",
      "description": "Advanced Linux system programming, processes, and memory management.",
      "slug": "acm369-operating-systems"
    }
  },
  {
    "model": "core.course",
    "pk": 3,
    "fields": {
      "discipline": 3,
      "code": "ACM412",
      "title": "Django & Network Programming",
      "description": "Network programming with Django, APIs, and web services.",
      "slug": "acm412-network-programming"
    }
  },
  {
    "model": "core.course",
    "pk": 4,
    "fields": {
      "discipline": 4,
      "code": "ACM368",
      "title": "PHP & Web Programming",
      "description": "Web development with PHP, MySQL, and modern web frameworks.",
      "slug": "acm368-web-programming"
    }
  },
  {
    "model": "core.course",
    "pk": 5,
    "fields": {
      "discipline": 5,
      "code": "CIS111",
      "title": "Software Development Fundamentals",
      "description": "SW engineering basics.",
      "slug": "cis111-software-development-fundamentals"
    }
  },
  {
    "model": "core.course",
    "pk": 6,
    "fields": {
      "discipline": 6,
      "code": "ACM411",
      "title": "Computer Ethics",
      "description": "Ethics in computing and IT law.",
      "slug": "acm411-computer-ethics"
    }
  },
  {
    "model": "core.course",
    "pk": 7,
    "fields": {
      "discipline": 7,
      "code": "AFN420",
      "title": "Python-based ML Algorithms",
      "description": "Yahoo Finance, Pandas, Numpy, Sci-kit Learn, and other python libraries",
      "slug": "afn420-python-based-ml-algorithms"
    }
  },
  {
    "model": "core.profile",
    "pk": 1,
    "fields": {
      "user": 4,
      "bio": "I am test profile and i am student at yeditepe university",
      "avatar": "avatars/ChatGPT_Image_20_Nis_2025_02_03_31_LC2N8lP.png",
      "github_url": null,
      "linkedin_url": null,
      "phone_number": null,
      "joined_courses": [1, 2, 4]
    }
  },
  {
    "model": "core.profile",
    "pk": 2,
    "fields": {
      "user": 1,
      "bio": "Yeditepe University 3rd Grade test123",
      "avatar": "avatars/tay123.webp",
      "github_url": "https://github.com/",
      "linkedin_url": "https://www.linkedin.com/jobs/search/?currentJobId=3942649630&keywords=Stajyer&origin=JOB_SEARCH_PAGE_KEYWORD_AUTOCOMPLETE&originalSubdomain=tr&refresh=true",
      "phone_number": "11223344",
      "joined_courses": [1, 2, 3, 4, 5, 6, 7]
    }
  },
  {
    "model": "core.profile",
    "pk": 3,
    "fields": {
      "user": 5,
      "bio": "EduCloudX Admin",
      "avatar": "avatars/admin.jpg",
      "github_url": null,
      "linkedin_url": null,
      "phone_number": null,
      "joined_courses": [1]
    }
  },
  {
    "model": "core.profile",
    "pk": 4,
    "fields": {
      "user": 6,
      "bio": "",
      "avatar": "avatars/default.png",
      "github_url": null,
      "linkedin_url": null,
      "phone_number": null,
      "joined_courses": []
    }
  },
  {
    "model": "core.profile",
    "pk": 5,
    "fields": {
      "user": 7,
      "bio": "",
      "avatar": "avatars/default.png",
      "github_url": null,
      "linkedin_url": null,
      "phone_number": null,
      "joined_courses": []
    }
  },
  {
    "model": "core.profile",
    "pk": 6,
    "fields": {
      "user": 8,
      "bio": "Student at International Finance\r\nExhaust with Ai",
      "avatar": "avatars/ChatGPT_Image_20_Nis_2025_02_22_03.png",
      "github_url": null,
      "linkedin_url": null,
      "phone_number": null,
      "joined_courses": [1, 2, 3, 4, 5]
    }
  },
  {
    "model": "core.profile",
    "pk": 7,
    "fields": {
      "user": 9,
      "bio": "Test profile google auth",
      "avatar": "avatars/cikti1.PNG",
      "github_url": null,
      "linkedin_url": null,
      "phone_number": null,
      "joined_courses": [1, 2, 3, 6]
    }
  },
  {
    "model": "core.profile",
    "pk": 8,
    "fields": {
      "user": 10,
      "bio": "",
      "avatar": "avatars/default.png",
      "github_url": null,
      "linkedin_url": null,
      "phone_number": null,
      "joined_courses": []
    }
  },
  {
    "model": "core.profile",
    "pk": 9,
    "fields": {
      "user": 11,
      "bio": "",
      "avatar": "avatars/default.png",
      "github_url": null,
      "linkedin_url": null,
      "phone_number": null,
      "joined_courses": []
    }
  },
  {
    "model": "core.profile",
    "pk": 10,
    "fields": {
      "user": 12,
      "bio": "International Finance Department",
      "avatar": "avatars/hq720.jpg",
      "github_url": "https://www.google.com/search?q=cat+cute&sca_esv=8e29119b57fe546f&rlz=1C1GCEU_trTR1161TR1161&udm=2&biw=1536&bih=738&sxsrf=AE3TifNlTSoglNVlYVnP87KSU4X2NQLw8g%3A1748284934853&ei=BrY0aMDoM8-Lxc8PhYG5kQw&",
      "linkedin_url": "https://www.kodluyoruz.org/news/cs50xkodluyoruz",
      "phone_number": "456 762",
      "joined_courses": [1, 2, 3, 4, 5, 6]
    }
  },
  {
    "model": "core.post",
    "pk": 1,
    "fields": {
      "course": 1,
      "author": 5,
      "title": "Taxonomy & Midterm1",
      "content": "Which do you think is the most efficient modeling method for unsupervised data? In Midterm, this question may come\r\n\r\nUpdate test1",
      "file": "uploads/dm_taxonomy.PNG",
      "pdf_summary": null,
      "created_at": "2025-04-28T20:27:03.066Z",
      "slug": "taxonomy-midterm1-taylanadmin"
    }
  },
  {
    "model": "core.post",
    "pk": 2,
    "fields": {
      "course": 2,
      "author": 4,
      "title": "Operating Systems Term Project",
      "content": "CPU scheduling Project OS",
      "file": "uploads/OS__Project_CPU_SCHEDUL¦NG_TaylanOzveren.pdf",
      "pdf_summary": null,
      "created_at": "2025-04-28T20:42:22.008Z",
      "slug": "operating-systems-term-project-test123"
    }
  },
  {
    "model": "core.post",
    "pk": 3,
    "fields": {
      "course": 1,
      "author": 1,
      "title": "DeepLearning",
      "content": "LSTM Analysis is important for DL modeling (Time Series analysis forecasting)",
      "file": "",
      "pdf_summary": null,
      "created_at": "2025-05-10T19:32:19.051Z",
      "slug": "deeplearning-tay123tay"
    }
  },
  {
    "model": "core.post",
    "pk": 4,
    "fields": {
      "course": 1,
      "author": 8,
      "title": "2025 is the year of the AI agent",
      "content": "Narrative 1: 2025 is the year of the AI agent. ôMore and better agentsö are on the way, predicts Time. ôAutonomous 'agents' and profitability are likely to dominate the artificial intelligence agenda,ö reports Reuters.",
      "file": "uploads/agents.jpg",
      "pdf_summary": null,
      "created_at": "2025-05-10T19:39:49.113Z",
      "slug": "2025-is-the-year-of-the-ai-agent-sev123"
    }
  },
  {
    "model": "core.post",
    "pk": 5,
    "fields": {
      "course": 3,
      "author": 1,
      "title": "DJANGO Templates",
      "content": "Templates\r\nIn the Django Intro page, we learned that the result should be in HTML, and it should be created in a template, so let's do that.\r\n\r\nCreate a templates folder inside the members folder, and create a HTML file named myfirst.html.",
      "file": "",
      "pdf_summary": null,
      "created_at": "2025-05-10T20:01:58.241Z",
      "slug": "django-templates-tay123tay"
    }
  },
  {
    "model": "core.post",
    "pk": 6,
    "fields": {
      "course": 5,
      "author": 1,
      "title": "Software is an art",
      "content": "Building software products is a creative process, much like painting, writing, or any other art form. This became clear when I recorded an extremely short screencast demonstrating a product our team has worked on. Appreciating the human endeavor required to make great products can nurture innovation across all fields.",
      "file": "",
      "pdf_summary": null,
      "created_at": "2025-05-18T15:34:11.302Z",
      "slug": "software-is-an-art-tay123tay"
    }
  },
  {
    "model": "core.post",
    "pk": 7,
    "fields": {
      "course": 2,
      "author": 1,
      "title": "Test for notifications",
      "content": "Test for notificationsTest for notificationsTest for notificationsTest for notificationsTest for notificationsTest for notificationsTest for notificationsTest for notificationsTest for notificationsTest for notificationsTest for notifications",
      "file": "",
      "pdf_summary": null,
      "created_at": "2025-05-18T16:26:00.423Z",
      "slug": "test-for-notifications-tay123tay"
    }
  },
  {
    "model": "core.post",
    "pk": 12,
    "fields": {
      "course": 2,
      "author": 1,
      "title": "Introduction to Operating Systems",
      "content": "The PDF file I have uploaded will be a good start for those who take the Operating Systems course",
      "file": "uploads/operating_systems_sample.pdf",
      "pdf_summary": "Operating systems (OS) are the essential software that make computers usable. An OS manages resources, provides a user interface, and serves as a platform for running application software. Common examples of operating systems are Microsoft Windows, Linux distributions (such as Ubuntu), and macOS for desktop and laptop computers. Modern OSes offer authentication mechanisms, user accounts, and permissions to protect data and resources.",
      "created_at": "2025-05-20T12:08:42.479Z",
      "slug": "introduction-to-operating-systems-tay123tay"
    }
  },
  {
    "model": "core.post",
    "pk": 13,
    "fields": {
      "course": 2,
      "author": 1,
      "title": "ai features and hugging face api tester",
      "content": "tester for dummy pdf",
      "file": "uploads/operating_systems_sample_foPDual.pdf",
      "pdf_summary": "Operating systems (OS) are the essential software that make computers usable. An OS manages resources, provides a user interface, and serves as a platform for running application software. Common examples of operating systems are Microsoft Windows, Linux distributions (such as Ubuntu), and macOS for desktop and laptop computers. Modern OSes offer authentication mechanisms, user accounts, and permissions to protect data and resources.",
      "created_at": "2025-05-23T14:13:47.805Z",
      "slug": "ai-features-and-hugging-face-api-tester-tay123tay"
    }
  },
  {
    "model": "core.post",
    "pk": 14,
    "fields": {
      "course": 3,
      "author": 1,
      "title": "Network Programming Viki",
      "content": "Connection-oriented and connectionless communications\r\nVery generally, most of communications can be divided into connection-oriented, and connectionless. Whether a communication is connection-oriented or connectionless, is defined by the communication protocol, and not by application programming interface (API). Examples of the connection-oriented protocols include Transmission Control Protocol (TCP) and Sequenced Packet Exchange (SPX), and examples of connectionless protocols include User Datagram Protocol (UDP), \"raw IP\", and Internetwork Packet Exchange (IPX).\r\n\r\nClients and servers\r\nMain article: clientûserver model\r\nFor connection-oriented communications, communication parties usually have different roles. One party is usually waiting for incoming connections; this party is usually referred to as \"server\". Another party is the one which initiates connection; this party is usually referred to as \"client\".\r\n\r\nFor connectionless communications, one party (\"server\") is usually waiting for an incoming packet, and another party (\"client\") is usually understood as the one which sends an unsolicited packet to \"server\".\r\n\r\nPopular protocols and APIs\r\nNetwork programming traditionally covers different layers of OSI/ISO model (most of application-level programming belongs to L4 and up). The table below contains some examples of popular protocols belonging to different OSI/ISO layers, and popular APIs for them.\r\n\r\nOSI/ISO Layer\tProtocol\tAPI\r\nL3 (network)\tIP\tRaw socket\r\nL4 (transport)\tTCP, UDP, SCTP\tBerkeley Sockets\r\nL5 (session)\tTLS\tOpenSSL\r\nL7 (application)\tHTTP\tVarious\r\nSee also\r\nSoftware-defined networking\r\nInfrastructure as code\r\nSite reliability engineering\r\nDevOps\r\nReferences\r\nW. Richard Stevens: UNIX Network Programming, Volume 1, Second Edition: Networking APIs: Sockets and XTI, Prentice Hall, 1998, ISBN 0-13-490012-X\r\n \"Chapter 12 - Network Programming\". COMP1406 (PDF). 2017. Archived from the original (PDF) on 2020-03-05. Network Programming involves writing programs that communicate with other programs across a computer network.",
      "file": "",
      "pdf_summary": "Operating systems (OS) are the essential software that make computers usable. An OS manages resources, provides a user interface, and serves as a platform for running application software. Common examples of operating systems are Microsoft Windows, Linux distributions (such as Ubuntu), and macOS for desktop and laptop computers. Modern OSes offer authentication mechanisms, user accounts, and permissions to protect data and resources.",
      "created_at": "2025-05-23T14:19:21.236Z",
      "slug": "network-programming-viki-tay123tay"
    }
  },
  {
    "model": "core.post",
    "pk": 15,
    "fields": {
      "course": 6,
      "author": 1,
      "title": "Viki Info for Computer Ethics",
      "content": "Test this pdf with ai summarize",
      "file": "uploads/From_Wikipedia_n4WrTqn.pdf",
      "pdf_summary": "Computer ethics is concerned with how computing professionals should make decisions regarding professional and social conduct. The concept of computer ethics originated in the 1940s with MIT professor Norbert Wiener. In 1973, the Association for Computing Machinery (ACM) adopted its first code of ethics. In 1976, medical teacher and researcher Walter Maner noticed that ethical decisions are much harder to make when computers are added.",
      "created_at": "2025-05-23T14:33:41.485Z",
      "slug": "viki-info-for-computer-ethics-tay123tay"
    }
  },
  {
    "model": "core.post",
    "pk": 16,
    "fields": {
      "course": 6,
      "author": 1,
      "title": "Tester post hugging face API",
      "content": "The concept of computer ethics originated in the 1940s with MIT professor Norbert Wiener, the American mathematician and philosopher. While working on anti-aircraft artillery during World War II, Wiener and his fellow engineers developed a system of communication between the part of a cannon that tracked a warplane, the part that performed calculations to estimate a trajectory, and the part responsible for firing.[1] Wiener termed the science of such information feedback systems, \"cybernetics,\" and he discussed this new field with its related ethical concerns in his 1948 book, Cybernetics.[1][5] In 1950, Wiener's second book, The Human Use of Human Beings, delved deeper into the ethical issues surrounding information technology and laid out the basic foundations of computer ethics.[5]\r\n\r\nA bit later during the same year, the world's first computer crime was committed. A programmer was able to use a bit of computer code to stop his banking account from being flagged as overdrawn. However, there were no laws in place at that time to stop him, and as a result he was not charged.[6][unreliable source?] To make sure another person did not follow suit, an ethics code for computers was needed.\r\n\r\nIn 1973, the Association for Computing Machinery (ACM) adopted its first code of ethics.[1] SRI International's Donn Parker,[7] an author on computer crimes, led the committee that developed the code.[1]\r\n\r\nIn 1976, medical teacher and researcher Walter Maner noticed that ethical decisions are much harder to make when computers are added. He noticed a need for a different branch of ethics for when it came to dealing with computers. The term \"computer ethics\" was thus invented.[1][5]\r\n\r\nIn 1976 Joseph Weizenbaum made his second significant addition to the field of computer ethics. He published a book titled Computer Power and Human Reason,[8] which talked about how artificial intelligence is good for the world; however it should never be allowed to make the most important decisions as it does not have human qualities such as wisdom. By far the most important point he makes in the book is the distinction between choosing and deciding. He argued that deciding is a computational activity while making choices is not and thus the ability to make choices is what makes us humans.\r\n\r\nAt a later time during the same year Abbe Mowshowitz, a professor of Computer Science at the City College of New York, published an article titled \"On approaches to the study of social issues in computing.\" This article identified and analyzed technical and non-technical biases in research on social issues present in computing.",
      "file": "",
      "pdf_summary": null,
      "created_at": "2025-05-23T14:35:45.083Z",
      "slug": "tester-post-hugging-face-api-tay123tay"
    }
  },
  {
    "model": "core.post",
    "pk": 17,
    "fields": {
      "course": 4,
      "author": 1,
      "title": "PHP programming",
      "content": "Web development is the work involved in developing a website for the Internet (World Wide Web) or an intranet (a private network).[1] Web development can range from developing a simple single static page of plain text to complex web applications, electronic businesses, and social network services. A more comprehensive list of tasks to which Web development commonly refers, may include Web engineering, Web design, Web content development, client liaison, client-side/server-side scripting, Web server and network security configuration, and e-commerce development.\r\n\r\nAmong Web professionals, \"Web development\" usually refers to the main non-design aspects of building Web sites: writing markup and coding.[2] Web development may use content management systems (CMS) to make content changes easier and available with basic technical skills.\r\n\r\nFor larger organizations and businesses, Web development teams can consist of hundreds of people (Web developers) and follow standard methods like Agile methodologies while developing Web sites.[1] Smaller organizations may only require a single permanent or contracting developer, or secondary assignment to related job positions such as a graphic designer or information systems technician. Web development may be a collaborative effort between departments rather than the domain of a designated department. There are three kinds of Web developer specialization: front-end developer, back-end developer, and full-stack developer.[3] Front-end developers are responsible for behavior and visuals that run in the user browser, while back-end developers deal with the servers.[4] Since the commercialization of the Web, the industry has boomed and has become one of the most used technologies ever. Updated",
      "file": "",
      "pdf_summary": null,
      "created_at": "2025-05-24T14:54:03.635Z",
      "slug": "php-programming-tay123tay"
    }
  },
  {
    "model": "core.post",
    "pk": 18,
    "fields": {
      "course": 5,
      "author": 1,
      "title": "cis111",
      "content": "Software Development",
      "file": "",
      "pdf_summary": null,
      "created_at": "2025-05-24T14:54:26.238Z",
      "slug": "cis111-tay123tay"
    }
  },
  {
    "model": "core.post",
    "pk": 19,
    "fields": {
      "course": 3,
      "author": 1,
      "title": "Test for explain ai features",
      "content": "what is network programming?",
      "file": "",
      "pdf_summary": null,
      "created_at": "2025-05-25T13:43:08.742Z",
      "slug": "test-for-explain-ai-features-tay123tay"
    }
  },
  {
    "model": "core.post",
    "pk": 20,
    "fields": {
      "course": 6,
      "author": 12,
      "title": "you should definitely read this post",
      "content": "Computer ethics examines the moral responsibilities of computing professionals, focusing on issues like data privacy, algorithmic bias, property, and the societal impact of technologies.",
      "file": "",
      "pdf_summary": null,
      "created_at": "2025-05-26T18:41:13.728Z",
      "slug": "you-should-definitely-read-this-post-sevval"
    }
  },
  {
    "model": "core.comment",
    "pk": 1,
    "fields": {
      "post": 1,
      "user": 4,
      "content": "This graph is very useful for machine learning and stands critical for midterm :))",
      "created_at": "2025-05-02T18:29:40.151Z"
    }
  },
  {
    "model": "core.comment",
    "pk": 2,
    "fields": {
      "post": 2,
      "user": 4,
      "content": "this comment is deleted",
      "created_at": "2025-05-02T18:37:40.249Z"
    }
  },
  {
    "model": "core.comment",
    "pk": 3,
    "fields": {
      "post": 3,
      "user": 1,
      "content": "its a good resource",
      "created_at": "2025-05-10T19:32:37.091Z"
    }
  },
  {
    "model": "core.comment",
    "pk": 4,
    "fields": {
      "post": 3,
      "user": 8,
      "content": "Woaw this PDF is effective for final exam",
      "created_at": "2025-05-10T19:34:58.803Z"
    }
  },
  {
    "model": "core.comment",
    "pk": 5,
    "fields": {
      "post": 4,
      "user": 8,
      "content": "Look at the images in post",
      "created_at": "2025-05-10T19:41:09.685Z"
    }
  },
  {
    "model": "core.comment",
    "pk": 6,
    "fields": {
      "post": 4,
      "user": 1,
      "content": "Look at the Hugging Face Ai Agent Course, I think its provides your opinion !!!",
      "created_at": "2025-05-18T15:35:39.551Z"
    }
  },
  {
    "model": "core.comment",
    "pk": 7,
    "fields": {
      "post": 4,
      "user": 5,
      "content": "test for developments",
      "created_at": "2025-05-18T16:40:10.345Z"
    }
  },
  {
    "model": "core.comment",
    "pk": 8,
    "fields": {
      "post": 7,
      "user": 1,
      "content": "test comment for notifications",
      "created_at": "2025-05-18T16:40:58.024Z"
    }
  },
  {
    "model": "core.comment",
    "pk": 13,
    "fields": {
      "post": 7,
      "user": 1,
      "content": "12312323asdasdasd",
      "created_at": "2025-05-18T16:59:54.925Z"
    }
  },
  {
    "model": "core.comment",
    "pk": 23,
    "fields": {
      "post": 7,
      "user": 9,
      "content": "test comment for notifications 2",
      "created_at": "2025-05-18T20:10:25.504Z"
    }
  },
  {
    "model": "core.comment",
    "pk": 24,
    "fields": {
      "post": 3,
      "user": 9,
      "content": "Insane post my brother",
      "created_at": "2025-05-18T20:15:34.870Z"
    }
  },
  {
    "model": "core.comment",
    "pk": 25,
    "fields": {
      "post": 7,
      "user": 9,
      "content": "test comment for notifications 3",
      "created_at": "2025-05-18T20:23:50.355Z"
    }
  },
  {
    "model": "core.comment",
    "pk": 26,
    "fields": {
      "post": 3,
      "user": 9,
      "content": "Test for notifications feature",
      "created_at": "2025-05-18T20:24:18.586Z"
    }
  },
  {
    "model": "core.comment",
    "pk": 27,
    "fields": {
      "post": 7,
      "user": 9,
      "content": "test comment for notifications 4",
      "created_at": "2025-05-18T20:39:01.484Z"
    }
  },
  {
    "model": "core.comment",
    "pk": 28,
    "fields": {
      "post": 3,
      "user": 9,
      "content": "test comment for notifications 3",
      "created_at": "2025-05-18T20:39:13.889Z"
    }
  },
  {
    "model": "core.comment",
    "pk": 29,
    "fields": {
      "post": 3,
      "user": 9,
      "content": "test comment for notifications 3",
      "created_at": "2025-05-18T20:49:36.441Z"
    }
  },
  {
    "model": "core.comment",
    "pk": 30,
    "fields": {
      "post": 3,
      "user": 9,
      "content": "test comment for notifications 3",
      "created_at": "2025-05-18T20:49:38.447Z"
    }
  },
  {
    "model": "core.comment",
    "pk": 31,
    "fields": {
      "post": 12,
      "user": 1,
      "content": "Sample pdf for ai features testing",
      "created_at": "2025-05-23T13:25:03.092Z"
    }
  },
  {
    "model": "core.comment",
    "pk": 33,
    "fields": {
      "post": 18,
      "user": 1,
      "content": "test comment new features",
      "created_at": "2025-05-24T20:02:14.527Z"
    }
  },
  {
    "model": "core.comment",
    "pk": 34,
    "fields": {
      "post": 16,
      "user": 1,
      "content": "test for new features",
      "created_at": "2025-05-24T20:40:24.824Z"
    }
  },
  {
    "model": "core.comment",
    "pk": 35,
    "fields": {
      "post": 16,
      "user": 9,
      "content": "Ai Generate working succesfuly",
      "created_at": "2025-05-24T20:48:58.085Z"
    }
  },
  {
    "model": "core.comment",
    "pk": 38,
    "fields": {
      "post": 13,
      "user": 1,
      "content": "nice post",
      "created_at": "2025-05-25T17:24:23.331Z"
    }
  },
  {
    "model": "core.comment",
    "pk": 39,
    "fields": {
      "post": 6,
      "user": 1,
      "content": "2",
      "created_at": "2025-05-25T17:32:04.728Z"
    }
  },
  {
    "model": "core.comment",
    "pk": 40,
    "fields": {
      "post": 4,
      "user": 1,
      "content": "New comment by developer",
      "created_at": "2025-05-25T17:34:42.696Z"
    }
  },
  {
    "model": "core.comment",
    "pk": 45,
    "fields": {
      "post": 1,
      "user": 1,
      "content": "bugs are solved now, this comment updated",
      "created_at": "2025-05-25T21:42:02.744Z"
    }
  },
  {
    "model": "core.comment",
    "pk": 46,
    "fields": {
      "post": 13,
      "user": 9,
      "content": "nice post bro",
      "created_at": "2025-05-25T21:43:37.735Z"
    }
  },
  {
    "model": "core.comment",
    "pk": 47,
    "fields": {
      "post": 14,
      "user": 9,
      "content": "Ai tools are amazing, I love this platform",
      "created_at": "2025-05-25T21:44:15.291Z"
    }
  },
  {
    "model": "core.comment",
    "pk": 48,
    "fields": {
      "post": 5,
      "user": 9,
      "content": "Yes u r right",
      "created_at": "2025-05-25T21:50:42.021Z"
    }
  },
  {
    "model": "core.comment",
    "pk": 49,
    "fields": {
      "post": 7,
      "user": 1,
      "content": "test123",
      "created_at": "2025-05-25T22:11:12.485Z"
    }
  },
  {
    "model": "core.comment",
    "pk": 50,
    "fields": {
      "post": 19,
      "user": 1,
      "content": "DJANGO is better than all frameworks",
      "created_at": "2025-05-25T22:19:40.349Z"
    }
  },
  {
    "model": "core.comment",
    "pk": 51,
    "fields": {
      "post": 13,
      "user": 1,
      "content": "test again",
      "created_at": "2025-05-26T17:38:09.261Z"
    }
  },
  {
    "model": "core.comment",
    "pk": 52,
    "fields": {
      "post": 12,
      "user": 12,
      "content": "Generate PDF Summary feat. works very well",
      "created_at": "2025-05-26T18:45:09.309Z"
    }
  },
  {
    "model": "core.comment",
    "pk": 53,
    "fields": {
      "post": 13,
      "user": 1,
      "content": "test new features",
      "created_at": "2025-05-26T18:47:43.117Z"
    }
  },
  {
    "model": "core.comment",
    "pk": 69,
    "fields": {
      "post": 17,
      "user": 1,
      "content": "Test comment",
      "created_at": "2025-05-26T19:21:36.982Z"
    }
  },
  {
    "model": "core.like",
    "pk": 1,
    "fields": { "user": 1, "post": 1, "created_at": "2025-05-02T18:57:43.769Z" }
  },
  {
    "model": "core.like",
    "pk": 3,
    "fields": { "user": 8, "post": 3, "created_at": "2025-05-10T19:34:27.600Z" }
  },
  {
    "model": "core.like",
    "pk": 4,
    "fields": { "user": 1, "post": 2, "created_at": "2025-05-10T19:54:24.867Z" }
  },
  {
    "model": "core.like",
    "pk": 5,
    "fields": { "user": 8, "post": 4, "created_at": "2025-05-10T20:10:24.844Z" }
  },
  {
    "model": "core.like",
    "pk": 10,
    "fields": { "user": 9, "post": 4, "created_at": "2025-05-18T16:29:20.946Z" }
  },
  {
    "model": "core.like",
    "pk": 12,
    "fields": { "user": 1, "post": 7, "created_at": "2025-05-18T16:58:54.570Z" }
  },
  {
    "model": "core.like",
    "pk": 14,
    "fields": { "user": 9, "post": 7, "created_at": "2025-05-18T20:10:16.329Z" }
  },
  {
    "model": "core.like",
    "pk": 15,
    "fields": { "user": 9, "post": 3, "created_at": "2025-05-18T20:39:15.404Z" }
  },
  {
    "model": "core.like",
    "pk": 16,
    "fields": {
      "user": 1,
      "post": 12,
      "created_at": "2025-05-23T13:25:05.456Z"
    }
  },
  {
    "model": "core.like",
    "pk": 21,
    "fields": {
      "user": 1,
      "post": 14,
      "created_at": "2025-05-24T20:03:14.457Z"
    }
  },
  {
    "model": "core.like",
    "pk": 22,
    "fields": {
      "user": 1,
      "post": 18,
      "created_at": "2025-05-24T20:39:50.401Z"
    }
  },
  {
    "model": "core.like",
    "pk": 23,
    "fields": {
      "user": 1,
      "post": 16,
      "created_at": "2025-05-24T20:40:18.386Z"
    }
  },
  {
    "model": "core.like",
    "pk": 24,
    "fields": {
      "user": 1,
      "post": 15,
      "created_at": "2025-05-24T20:40:43.979Z"
    }
  },
  {
    "model": "core.like",
    "pk": 25,
    "fields": {
      "user": 9,
      "post": 16,
      "created_at": "2025-05-24T20:48:15.294Z"
    }
  },
  {
    "model": "core.like",
    "pk": 26,
    "fields": {
      "user": 9,
      "post": 13,
      "created_at": "2025-05-24T20:49:27.293Z"
    }
  },
  {
    "model": "core.like",
    "pk": 27,
    "fields": {
      "user": 5,
      "post": 13,
      "created_at": "2025-05-24T22:46:15.856Z"
    }
  },
  {
    "model": "core.like",
    "pk": 28,
    "fields": { "user": 1, "post": 6, "created_at": "2025-05-25T13:56:06.893Z" }
  },
  {
    "model": "core.like",
    "pk": 29,
    "fields": { "user": 1, "post": 3, "created_at": "2025-05-25T16:04:16.526Z" }
  },
  {
    "model": "core.like",
    "pk": 33,
    "fields": {
      "user": 9,
      "post": 19,
      "created_at": "2025-05-25T21:43:50.250Z"
    }
  },
  {
    "model": "core.like",
    "pk": 34,
    "fields": {
      "user": 9,
      "post": 14,
      "created_at": "2025-05-25T21:43:54.509Z"
    }
  },
  {
    "model": "core.like",
    "pk": 35,
    "fields": { "user": 9, "post": 5, "created_at": "2025-05-25T21:50:35.113Z" }
  },
  {
    "model": "core.like",
    "pk": 36,
    "fields": { "user": 9, "post": 2, "created_at": "2025-05-25T21:50:57.536Z" }
  },
  {
    "model": "core.like",
    "pk": 37,
    "fields": {
      "user": 9,
      "post": 12,
      "created_at": "2025-05-25T21:51:03.342Z"
    }
  },
  {
    "model": "core.like",
    "pk": 38,
    "fields": {
      "user": 1,
      "post": 13,
      "created_at": "2025-05-26T17:37:51.862Z"
    }
  },
  {
    "model": "core.like",
    "pk": 39,
    "fields": {
      "user": 12,
      "post": 4,
      "created_at": "2025-05-26T18:43:59.519Z"
    }
  },
  {
    "model": "core.like",
    "pk": 40,
    "fields": {
      "user": 1,
      "post": 17,
      "created_at": "2025-05-26T19:02:51.234Z"
    }
  },
  {
    "model": "core.like",
    "pk": 42,
    "fields": { "user": 1, "post": 4, "created_at": "2025-05-26T20:28:45.926Z" }
  },
  {
    "model": "core.notification",
    "pk": 2,
    "fields": {
      "user": 1,
      "from_user": 9,
      "post": 7,
      "comment": 23,
      "message": "taylan commented on your post ôTest for notificationsö.",
      "is_read": true,
      "created_at": "2025-05-18T20:10:25.549Z"
    }
  },
  {
    "model": "core.notification",
    "pk": 3,
    "fields": {
      "user": 1,
      "from_user": 9,
      "post": 3,
      "comment": 24,
      "message": "taylan commented on your post ôDeepLearningö.",
      "is_read": true,
      "created_at": "2025-05-18T20:15:34.902Z"
    }
  },
  {
    "model": "core.notification",
    "pk": 4,
    "fields": {
      "user": 1,
      "from_user": 9,
      "post": 7,
      "comment": 25,
      "message": "taylan commented on your post ôTest for notificationsö.",
      "is_read": true,
      "created_at": "2025-05-18T20:23:50.388Z"
    }
  },
  {
    "model": "core.notification",
    "pk": 5,
    "fields": {
      "user": 1,
      "from_user": 9,
      "post": 3,
      "comment": 26,
      "message": "taylan commented on your post ôDeepLearningö.",
      "is_read": true,
      "created_at": "2025-05-18T20:24:18.645Z"
    }
  },
  {
    "model": "core.notification",
    "pk": 6,
    "fields": {
      "user": 1,
      "from_user": 9,
      "post": 7,
      "comment": 27,
      "message": "taylan commented on your post ôTest for notificationsö.",
      "is_read": true,
      "created_at": "2025-05-18T20:39:01.542Z"
    }
  },
  {
    "model": "core.notification",
    "pk": 7,
    "fields": {
      "user": 1,
      "from_user": 9,
      "post": 3,
      "comment": 28,
      "message": "taylan commented on your post ôDeepLearningö.",
      "is_read": true,
      "created_at": "2025-05-18T20:39:13.905Z"
    }
  },
  {
    "model": "core.notification",
    "pk": 8,
    "fields": {
      "user": 1,
      "from_user": 9,
      "post": 3,
      "comment": null,
      "message": "taylan liked your post ôDeepLearningö.",
      "is_read": true,
      "created_at": "2025-05-18T20:39:15.438Z"
    }
  },
  {
    "model": "core.notification",
    "pk": 9,
    "fields": {
      "user": 1,
      "from_user": 9,
      "post": 3,
      "comment": 29,
      "message": "taylan commented on your post ôDeepLearningö.",
      "is_read": true,
      "created_at": "2025-05-18T20:49:36.469Z"
    }
  },
  {
    "model": "core.notification",
    "pk": 10,
    "fields": {
      "user": 1,
      "from_user": 9,
      "post": 3,
      "comment": 30,
      "message": "taylan commented on your post ôDeepLearningö.",
      "is_read": true,
      "created_at": "2025-05-18T20:49:38.494Z"
    }
  },
  {
    "model": "core.notification",
    "pk": 11,
    "fields": {
      "user": 1,
      "from_user": 9,
      "post": 16,
      "comment": null,
      "message": "taylan liked your post ôTester post hugging face APIö.",
      "is_read": true,
      "created_at": "2025-05-24T20:48:15.301Z"
    }
  },
  {
    "model": "core.notification",
    "pk": 12,
    "fields": {
      "user": 1,
      "from_user": 9,
      "post": 16,
      "comment": 35,
      "message": "taylan commented on your post ôTester post hugging face APIö.",
      "is_read": true,
      "created_at": "2025-05-24T20:48:58.149Z"
    }
  },
  {
    "model": "core.notification",
    "pk": 13,
    "fields": {
      "user": 1,
      "from_user": 9,
      "post": 13,
      "comment": null,
      "message": "taylan liked your post ôai features and hugging face api testerö.",
      "is_read": true,
      "created_at": "2025-05-24T20:49:27.298Z"
    }
  },
  {
    "model": "core.notification",
    "pk": 16,
    "fields": {
      "user": 8,
      "from_user": 1,
      "post": 4,
      "comment": 40,
      "message": "tay123tay commented on your post \"2025 is the year of the AI agent\"",
      "is_read": false,
      "created_at": "2025-05-25T17:34:42.752Z"
    }
  },
  {
    "model": "core.notification",
    "pk": 17,
    "fields": {
      "user": 8,
      "from_user": 1,
      "post": 4,
      "comment": null,
      "message": "tay123tay liked your post \"2025 is the year of the AI agent\"",
      "is_read": false,
      "created_at": "2025-05-25T20:57:57.757Z"
    }
  },
  {
    "model": "core.notification",
    "pk": 21,
    "fields": {
      "user": 5,
      "from_user": 1,
      "post": 1,
      "comment": 45,
      "message": "tay123tay commented on your post \"Taxonomy & Midterm1\"",
      "is_read": false,
      "created_at": "2025-05-25T21:42:02.800Z"
    }
  },
  {
    "model": "core.notification",
    "pk": 22,
    "fields": {
      "user": 1,
      "from_user": 9,
      "post": 13,
      "comment": 46,
      "message": "taylan commented on your post \"ai features and hugging face api tester\"",
      "is_read": true,
      "created_at": "2025-05-25T21:43:37.776Z"
    }
  },
  {
    "model": "core.notification",
    "pk": 23,
    "fields": {
      "user": 1,
      "from_user": 9,
      "post": 19,
      "comment": null,
      "message": "taylan liked your post \"Test for explain ai features\"",
      "is_read": true,
      "created_at": "2025-05-25T21:43:50.258Z"
    }
  },
  {
    "model": "core.notification",
    "pk": 24,
    "fields": {
      "user": 1,
      "from_user": 9,
      "post": 14,
      "comment": null,
      "message": "taylan liked your post \"Network Programming Viki\"",
      "is_read": true,
      "created_at": "2025-05-25T21:43:54.522Z"
    }
  },
  {
    "model": "core.notification",
    "pk": 25,
    "fields": {
      "user": 1,
      "from_user": 9,
      "post": 14,
      "comment": 47,
      "message": "taylan commented on your post \"Network Programming Viki\"",
      "is_read": true,
      "created_at": "2025-05-25T21:44:15.321Z"
    }
  },
  {
    "model": "core.notification",
    "pk": 26,
    "fields": {
      "user": 1,
      "from_user": 9,
      "post": 5,
      "comment": null,
      "message": "taylan liked your post \"DJANGO Templates\"",
      "is_read": true,
      "created_at": "2025-05-25T21:50:35.134Z"
    }
  },
  {
    "model": "core.notification",
    "pk": 27,
    "fields": {
      "user": 1,
      "from_user": 9,
      "post": 5,
      "comment": 48,
      "message": "taylan commented on your post \"DJANGO Templates\"",
      "is_read": true,
      "created_at": "2025-05-25T21:50:42.062Z"
    }
  },
  {
    "model": "core.notification",
    "pk": 28,
    "fields": {
      "user": 4,
      "from_user": 9,
      "post": 2,
      "comment": null,
      "message": "taylan liked your post \"Operating Systems Term Project\"",
      "is_read": false,
      "created_at": "2025-05-25T21:50:57.550Z"
    }
  },
  {
    "model": "core.notification",
    "pk": 29,
    "fields": {
      "user": 1,
      "from_user": 9,
      "post": 12,
      "comment": null,
      "message": "taylan liked your post \"Introduction to Operating Systems\"",
      "is_read": true,
      "created_at": "2025-05-25T21:51:03.409Z"
    }
  },
  {
    "model": "core.notification",
    "pk": 30,
    "fields": {
      "user": 8,
      "from_user": 12,
      "post": 4,
      "comment": null,
      "message": "sevval liked your post \"2025 is the year of the AI agent\"",
      "is_read": false,
      "created_at": "2025-05-26T18:43:59.525Z"
    }
  },
  {
    "model": "core.notification",
    "pk": 31,
    "fields": {
      "user": 1,
      "from_user": 12,
      "post": 12,
      "comment": 52,
      "message": "sevval commented on your post \"Introduction to Operating Systems\"",
      "is_read": false,
      "created_at": "2025-05-26T18:45:09.317Z"
    }
  },
  {
    "model": "core.notification",
    "pk": 32,
    "fields": {
      "user": 8,
      "from_user": 1,
      "post": 4,
      "comment": null,
      "message": "tay123tay liked your post \"2025 is the year of the AI agent\"",
      "is_read": false,
      "created_at": "2025-05-26T20:28:45.983Z"
    }
  }
]
